Package,Built
abind,3.6.0
acepack,3.6.0
aiR,3.6.0
airPb,3.6.0
archivist,3.6.0
argparser,3.6.0
askpass,3.6.0
assertthat,3.6.0
automagic,3.6.0
aws.s3,3.6.0
aws.signature,3.6.0
backports,3.6.0
base64enc,3.6.0
BH,3.6.0
bibtex,3.6.0
biscale,3.6.0
bit,3.6.0
bit64,3.6.0
bitops,3.6.0
blob,3.6.0
bookdown,3.6.0
brew,3.6.0
broom,3.6.0
cairoDevice,3.6.0
callr,3.6.0
car,3.6.0
carData,3.6.0
caret,3.6.0
caTools,3.6.0
CB,3.6.0
cellranger,3.6.0
checkmate,3.6.0
CircStats,3.6.0
classInt,3.6.0
cli,3.6.0
clipr,3.6.0
clisymbols,3.6.0
coda,3.6.0
colorspace,3.6.0
commonmark,3.6.0
cowplot,3.6.0
crayon,3.6.0
crosstalk,3.6.0
crul,3.6.0
curl,3.6.0
cvAUC,3.6.0
d3scatter,3.6.0
data.table,3.6.0
DBI,3.6.0
dbplyr,3.6.0
DEoptimR,3.6.0
desc,3.6.0
devtools,3.6.0
DiagrammeR,3.6.0
dichromat,3.6.0
digest,3.6.0
diptest,3.6.0
dlnm,3.6.0
downloader,3.6.0
dplyr,3.6.0
DT,3.6.0
e1071,3.6.0
ecat,3.6.0
ellipsis,3.6.0
erika,3.6.0
evaluate,3.6.0
fansi,3.6.0
farver,3.6.0
fastdigest,3.6.0
fasterize,3.6.0
fastmap,3.6.0
fastmatch,3.6.0
fda,3.6.0
ff,3.6.0
ffbase,3.6.0
filelock,3.6.0
flexmix,3.6.0
flock,3.6.0
forcats,3.6.0
foreach,3.6.0
formatR,3.6.0
Formula,3.6.0
fpc,3.6.0
fpCompare,3.6.0
fs,3.6.0
future,3.6.0
future.apply,3.6.0
gamm4,3.6.0
gargle,3.6.0
gdalUtils,3.6.0
gdata,3.6.0
gdtools,3.6.0
generics,3.6.0
geohash,3.6.0
geohashTools,3.6.0
geojsonlint,3.6.0
geojsonsf,3.6.0
geosphere,3.6.0
getPass,3.6.0
GGally,3.6.0
ggcorrplot,3.6.0
ggdendro,3.6.0
ggforce,3.6.0
ggmap,3.6.0
ggplot2,3.6.0
ggpubr,3.6.0
ggraph,3.6.0
ggrepel,3.6.0
ggsci,3.6.0
ggsignif,3.6.0
ggthemes,3.6.0
gh,3.6.0
GIGrvg,3.6.0
git2r,3.6.0
glmnet,3.6.0
globals,3.6.0
glue,3.6.0
googledrive,3.6.0
gower,3.6.0
gplots,3.6.0
gridBase,3.6.0
gridExtra,3.6.0
gridSVG,3.6.0
grpreg,3.6.0
gtable,3.6.0
gtools,3.6.0
gWidgets,3.6.0
gWidgetsRGtk2,3.6.0
h3,3.6.0
haven,3.6.0
here,3.6.0
hexbin,3.6.0
highlight,3.6.0
highr,3.6.0
Hmisc,3.6.0
hms,3.6.0
htmlTable,3.6.0
htmltools,3.6.0
htmlwidgets,3.6.0
httpcode,3.6.0
httpuv,3.6.0
httr,3.6.0
igraph,3.6.0
influenceR,3.6.0
ini,3.6.0
ipred,3.6.0
iterators,3.6.0
jpeg,3.6.0
jsonify,3.6.0
jsonlite,3.6.0
jsonvalidate,3.6.0
kableExtra,3.6.0
kernlab,3.6.0
keyring,3.6.0
knitr,3.6.0
labeling,3.6.0
later,3.6.0
latticeExtra,3.6.0
lava,3.6.0
lazyeval,3.6.0
leafem,3.6.0
leaflet,3.6.0
leaflet.extras,3.6.0
leaflet.providers,3.6.0
leafpm,3.6.0
leafpop,3.6.0
lemon,3.6.0
lifecycle,3.6.0
listenv,3.6.0
listviewer,3.6.0
lme4,3.6.0
lubridate,3.6.0
lwgeom,3.6.0
magic,3.6.0
magrittr,3.6.0
mapdata,3.6.0
mapedit,3.6.0
mapit,3.6.0
maps,3.6.0
maptools,3.6.0
mapview,3.6.0
markdown,3.6.0
MatrixModels,3.6.0
mclust,3.6.0
memoise,3.6.0
mime,3.6.0
miniUI,3.6.0
minqa,3.6.0
ModelMetrics,3.6.0
modelr,3.6.0
modeltools,3.6.0
MODIS,3.6.0
MODISTools,3.6.0
MODIStsp,3.6.0
multcomp,3.6.0
munsell,3.6.0
mvtnorm,3.6.0
ncdf4,3.6.0
nloptr,3.6.0
numDeriv,3.6.0
openrouteservice,3.6.0
openssl,3.6.0
openxlsx,3.6.0
packrat,3.6.0
pacman,3.6.0
patchwork,3.6.0
pbapply,3.6.0
pbkrtest,3.6.0
pbmcapply,3.6.0
pbs,3.6.0
pillar,3.6.0
pkgbuild,3.6.0
pkgconfig,3.6.0
pkgdown,3.6.0
pkgload,3.6.0
plogr,3.6.0
plotly,3.6.0
plotROC,3.6.0
plyr,3.6.0
png,3.6.0
poLCA,3.6.0
polspline,3.6.0
polyclip,3.6.0
polynom,3.6.0
prabclus,3.6.0
praise,3.6.0
prefixer,3.6.0
prettyunits,3.6.0
printr,3.6.0
pROC,3.6.0
processx,3.6.0
prodlim,3.6.0
profvis,3.6.0
progress,3.6.0
promises,3.6.0
ps,3.6.0
pscl,3.6.0
ptw,3.6.0
purrr,3.6.0
quantreg,3.6.0
quickPlot,3.6.0
R.cache,3.6.0
R.methodsS3,3.6.0
R.oo,3.6.0
R.utils,3.6.0
R6,3.6.0
randomForest,3.6.0
ranger,3.6.0
rapidjsonr,3.6.0
rappdirs,3.6.0
raster,3.6.0
rasterVis,3.6.0
rattle,3.6.0
rcmdcheck,3.6.0
RColorBrewer,3.6.0
Rcpp,3.6.0
RcppArmadillo,3.6.0
RcppEigen,3.6.0
RCurl,3.6.0
readr,3.6.0
readxl,3.6.0
recipes,3.6.0
RefManageR,3.6.0
refund,3.6.0
regimes,3.6.0
rematch,3.6.0
rematch2,3.6.0
remotes,3.6.0
renv,3.6.0
repr,3.6.0
reprex,3.6.0
reproducible,3.6.0
reshape,3.6.0
reshape2,3.6.0
rgdal,3.6.0
rgeos,3.6.0
rgexf,3.6.0
rgis,3.6.0
RgoogleMaps,3.6.0
RGtk2,3.6.0
rio,3.6.0
rjson,3.6.0
rlang,3.6.0
RLRsim,3.6.0
rmarkdown,3.6.0
rms,3.6.0
robustbase,3.6.0
ROCR,3.6.0
Rook,3.6.0
roxygen2,3.6.0
rpart.plot,3.6.0
rpartScore,3.6.0
rprojroot,3.6.0
rsconnect,3.6.0
RSQLite,3.6.0
rstudioapi,3.6.0
rtweet,3.6.0
rvest,3.6.0
sandwich,3.6.0
sas7bdat,3.6.0
satellite,3.6.0
scales,3.6.0
scatterplot3d,3.6.0
scholar,3.6.0
selectr,3.6.0
servr,3.6.0
sessioninfo,3.6.0
sf,3.6.0
shiny,3.6.0
shinyjs,3.6.0
shinyWidgets,3.6.0
skimr,3.6.0
sodium,3.6.0
sourcetools,3.6.0
sp,3.6.0
SpaDES,3.6.0
SpaDES.addins,3.6.0
SpaDES.core,3.6.0
SpaDES.tools,3.6.0
sparkline,3.6.0
SparseM,3.6.0
spData,3.6.0
spDataLarge,3.6.0
SQUAREM,3.6.0
stars,3.6.0
starsdata,3.6.0
stringi,3.6.0
stringr,3.6.0
svglite,3.6.0
sys,3.6.0
testthat,3.6.0
TH.data,3.6.0
tibble,3.6.0
tidycensus,3.6.0
tidygraph,3.6.0
tidyr,3.6.0
tidyselect,3.6.0
tidyverse,3.6.0
tigris,3.6.0
timeDate,3.6.0
tinytex,3.6.0
tmap,3.6.0
tmaptools,3.6.0
triebeard,3.6.0
tsModel,3.6.0
tweenr,3.6.0
units,3.6.0
urltools,3.6.0
USAboundaries,3.6.0
usethis,3.6.0
utf8,3.6.0
uuid,3.6.0
V8,3.6.0
vctrs,3.6.0
velox,3.6.0
versions,3.6.0
viridis,3.6.0
viridisLite,3.6.0
visNetwork,3.6.0
vitae,3.6.0
webshot,3.6.0
whisker,3.6.0
withr,3.6.0
xaringan,3.6.0
xfun,3.6.0
XML,3.6.0
xml2,3.6.0
xopen,3.6.0
xtable,3.6.0
xts,3.6.0
yaml,3.6.0
zeallot,3.6.0
zip,3.6.0
zoo,3.6.0
ztype,3.6.0
