Package,LibPath,Version,Priority,Built
abind,/Library/Frameworks/R.framework/Versions/3.6/Resources/library,1.4-5,NA,3.6.0
acepack,/Library/Frameworks/R.framework/Versions/3.6/Resources/library,1.4.1,NA,3.6.0
aiR,/Library/Frameworks/R.framework/Versions/3.6/Resources/library,0.0.0.9000,NA,3.6.0
airPb,/Library/Frameworks/R.framework/Versions/3.6/Resources/library,0.0.0.9000,NA,3.6.0
archivist,/Library/Frameworks/R.framework/Versions/3.6/Resources/library,2.3.4,NA,3.6.0
argparser,/Library/Frameworks/R.framework/Versions/3.6/Resources/library,0.4,NA,3.6.0
askpass,/Library/Frameworks/R.framework/Versions/3.6/Resources/library,1.1,NA,3.6.0
assertthat,/Library/Frameworks/R.framework/Versions/3.6/Resources/library,0.2.1,NA,3.6.0
automagic,/Library/Frameworks/R.framework/Versions/3.6/Resources/library,0.5.1,NA,3.6.0
aws.s3,/Library/Frameworks/R.framework/Versions/3.6/Resources/library,0.3.12,NA,3.6.0
aws.signature,/Library/Frameworks/R.framework/Versions/3.6/Resources/library,0.5.2,NA,3.6.0
backports,/Library/Frameworks/R.framework/Versions/3.6/Resources/library,1.1.5,NA,3.6.0
base,/Library/Frameworks/R.framework/Versions/3.6/Resources/library,3.6.0,base,3.6.0
base64enc,/Library/Frameworks/R.framework/Versions/3.6/Resources/library,0.1-3,NA,3.6.0
BH,/Library/Frameworks/R.framework/Versions/3.6/Resources/library,1.72.0-3,NA,3.6.0
bibtex,/Library/Frameworks/R.framework/Versions/3.6/Resources/library,0.4.2,NA,3.6.0
biscale,/Library/Frameworks/R.framework/Versions/3.6/Resources/library,0.1.2,NA,3.6.0
bit,/Library/Frameworks/R.framework/Versions/3.6/Resources/library,1.1-14,NA,3.6.0
bit64,/Library/Frameworks/R.framework/Versions/3.6/Resources/library,0.9-7,NA,3.6.0
bitops,/Library/Frameworks/R.framework/Versions/3.6/Resources/library,1.0-6,NA,3.6.0
blob,/Library/Frameworks/R.framework/Versions/3.6/Resources/library,1.2.0,NA,3.6.0
bookdown,/Library/Frameworks/R.framework/Versions/3.6/Resources/library,0.12,NA,3.6.0
boot,/Library/Frameworks/R.framework/Versions/3.6/Resources/library,1.3-22,recommended,3.6.0
brew,/Library/Frameworks/R.framework/Versions/3.6/Resources/library,1.0-6,NA,3.6.0
broom,/Library/Frameworks/R.framework/Versions/3.6/Resources/library,0.5.2,NA,3.6.0
cairoDevice,/Library/Frameworks/R.framework/Versions/3.6/Resources/library,2.26,NA,3.6.0
callr,/Library/Frameworks/R.framework/Versions/3.6/Resources/library,3.3.2,NA,3.6.0
car,/Library/Frameworks/R.framework/Versions/3.6/Resources/library,3.0-3,NA,3.6.0
carData,/Library/Frameworks/R.framework/Versions/3.6/Resources/library,3.0-2,NA,3.6.0
caret,/Library/Frameworks/R.framework/Versions/3.6/Resources/library,6.0-84,NA,3.6.0
caTools,/Library/Frameworks/R.framework/Versions/3.6/Resources/library,1.17.1.2,NA,3.6.0
CB,/Library/Frameworks/R.framework/Versions/3.6/Resources/library,0.3,NA,3.6.0
cellranger,/Library/Frameworks/R.framework/Versions/3.6/Resources/library,1.1.0,NA,3.6.0
checkmate,/Library/Frameworks/R.framework/Versions/3.6/Resources/library,1.9.4,NA,3.6.0
CircStats,/Library/Frameworks/R.framework/Versions/3.6/Resources/library,0.2-6,NA,3.6.0
class,/Library/Frameworks/R.framework/Versions/3.6/Resources/library,7.3-15,recommended,3.6.0
classInt,/Library/Frameworks/R.framework/Versions/3.6/Resources/library,0.4-2,NA,3.6.0
cli,/Library/Frameworks/R.framework/Versions/3.6/Resources/library,2.0.1,NA,3.6.0
clipr,/Library/Frameworks/R.framework/Versions/3.6/Resources/library,0.7.0,NA,3.6.0
clisymbols,/Library/Frameworks/R.framework/Versions/3.6/Resources/library,1.2.0,NA,3.6.0
cluster,/Library/Frameworks/R.framework/Versions/3.6/Resources/library,2.0.8,recommended,3.6.0
coda,/Library/Frameworks/R.framework/Versions/3.6/Resources/library,0.19-3,NA,3.6.0
codetools,/Library/Frameworks/R.framework/Versions/3.6/Resources/library,0.2-16,recommended,3.6.0
colorspace,/Library/Frameworks/R.framework/Versions/3.6/Resources/library,1.4-1,NA,3.6.0
commonmark,/Library/Frameworks/R.framework/Versions/3.6/Resources/library,1.7,NA,3.6.0
compiler,/Library/Frameworks/R.framework/Versions/3.6/Resources/library,3.6.0,base,3.6.0
cowplot,/Library/Frameworks/R.framework/Versions/3.6/Resources/library,1.0.0,NA,3.6.0
crayon,/Library/Frameworks/R.framework/Versions/3.6/Resources/library,1.3.4,NA,3.6.0
crosstalk,/Library/Frameworks/R.framework/Versions/3.6/Resources/library,1.0.0,NA,3.6.0
crul,/Library/Frameworks/R.framework/Versions/3.6/Resources/library,0.9.0,NA,3.6.0
curl,/Library/Frameworks/R.framework/Versions/3.6/Resources/library,4.3,NA,3.6.0
cvAUC,/Library/Frameworks/R.framework/Versions/3.6/Resources/library,1.1.0,NA,3.6.0
d3scatter,/Library/Frameworks/R.framework/Versions/3.6/Resources/library,0.1.0,NA,3.6.0
data.table,/Library/Frameworks/R.framework/Versions/3.6/Resources/library,1.12.2,NA,3.6.0
datasets,/Library/Frameworks/R.framework/Versions/3.6/Resources/library,3.6.0,base,3.6.0
DBI,/Library/Frameworks/R.framework/Versions/3.6/Resources/library,1.1.0,NA,3.6.0
dbplyr,/Library/Frameworks/R.framework/Versions/3.6/Resources/library,1.4.2,NA,3.6.0
DEoptimR,/Library/Frameworks/R.framework/Versions/3.6/Resources/library,1.0-8,NA,3.6.0
desc,/Library/Frameworks/R.framework/Versions/3.6/Resources/library,1.2.0,NA,3.6.0
devtools,/Library/Frameworks/R.framework/Versions/3.6/Resources/library,2.0.2,NA,3.6.0
DiagrammeR,/Library/Frameworks/R.framework/Versions/3.6/Resources/library,1.0.1,NA,3.6.0
dichromat,/Library/Frameworks/R.framework/Versions/3.6/Resources/library,2.0-0,NA,3.6.0
digest,/Library/Frameworks/R.framework/Versions/3.6/Resources/library,0.6.23,NA,3.6.0
diptest,/Library/Frameworks/R.framework/Versions/3.6/Resources/library,0.75-7,NA,3.6.0
dlnm,/Library/Frameworks/R.framework/Versions/3.6/Resources/library,2.3.9,NA,3.6.0
downloader,/Library/Frameworks/R.framework/Versions/3.6/Resources/library,0.4,NA,3.6.0
dplyr,/Library/Frameworks/R.framework/Versions/3.6/Resources/library,0.8.3,NA,3.6.0
DT,/Library/Frameworks/R.framework/Versions/3.6/Resources/library,0.8,NA,3.6.0
e1071,/Library/Frameworks/R.framework/Versions/3.6/Resources/library,1.7-3,NA,3.6.0
ecat,/Library/Frameworks/R.framework/Versions/3.6/Resources/library,0.9.5,NA,3.6.0
ellipsis,/Library/Frameworks/R.framework/Versions/3.6/Resources/library,0.3.0,NA,3.6.0
erika,/Library/Frameworks/R.framework/Versions/3.6/Resources/library,0.1.0,NA,3.6.0
evaluate,/Library/Frameworks/R.framework/Versions/3.6/Resources/library,0.14,NA,3.6.0
fansi,/Library/Frameworks/R.framework/Versions/3.6/Resources/library,0.4.1,NA,3.6.0
farver,/Library/Frameworks/R.framework/Versions/3.6/Resources/library,2.0.3,NA,3.6.0
fastdigest,/Library/Frameworks/R.framework/Versions/3.6/Resources/library,0.6-3,NA,3.6.0
fasterize,/Library/Frameworks/R.framework/Versions/3.6/Resources/library,1.0.0,NA,3.6.0
fastmap,/Library/Frameworks/R.framework/Versions/3.6/Resources/library,1.0.1,NA,3.6.0
fastmatch,/Library/Frameworks/R.framework/Versions/3.6/Resources/library,1.1-0,NA,3.6.0
fda,/Library/Frameworks/R.framework/Versions/3.6/Resources/library,2.4.8,NA,3.6.0
ff,/Library/Frameworks/R.framework/Versions/3.6/Resources/library,2.2-14,NA,3.6.0
ffbase,/Library/Frameworks/R.framework/Versions/3.6/Resources/library,0.12.7,NA,3.6.0
filelock,/Library/Frameworks/R.framework/Versions/3.6/Resources/library,1.0.2,NA,3.6.0
flexmix,/Library/Frameworks/R.framework/Versions/3.6/Resources/library,2.3-15,NA,3.6.0
flock,/Library/Frameworks/R.framework/Versions/3.6/Resources/library,0.7,NA,3.6.0
forcats,/Library/Frameworks/R.framework/Versions/3.6/Resources/library,0.4.0,NA,3.6.0
foreach,/Library/Frameworks/R.framework/Versions/3.6/Resources/library,1.4.4,NA,3.6.0
foreign,/Library/Frameworks/R.framework/Versions/3.6/Resources/library,0.8-71,recommended,3.6.0
formatR,/Library/Frameworks/R.framework/Versions/3.6/Resources/library,1.7,NA,3.6.0
Formula,/Library/Frameworks/R.framework/Versions/3.6/Resources/library,1.2-3,NA,3.6.0
fpc,/Library/Frameworks/R.framework/Versions/3.6/Resources/library,2.2-3,NA,3.6.0
fpCompare,/Library/Frameworks/R.framework/Versions/3.6/Resources/library,0.2.3,NA,3.6.0
fs,/Library/Frameworks/R.framework/Versions/3.6/Resources/library,1.3.1,NA,3.6.0
future,/Library/Frameworks/R.framework/Versions/3.6/Resources/library,1.16.0,NA,3.6.0
future.apply,/Library/Frameworks/R.framework/Versions/3.6/Resources/library,1.4.0,NA,3.6.0
gamm4,/Library/Frameworks/R.framework/Versions/3.6/Resources/library,0.2-5,NA,3.6.0
gargle,/Library/Frameworks/R.framework/Versions/3.6/Resources/library,0.4.0,NA,3.6.0
gdalUtils,/Library/Frameworks/R.framework/Versions/3.6/Resources/library,2.0.1.14,NA,3.6.0
gdata,/Library/Frameworks/R.framework/Versions/3.6/Resources/library,2.18.0,NA,3.6.0
gdtools,/Library/Frameworks/R.framework/Versions/3.6/Resources/library,0.1.9,NA,3.6.0
generics,/Library/Frameworks/R.framework/Versions/3.6/Resources/library,0.0.2,NA,3.6.0
geohash,/Library/Frameworks/R.framework/Versions/3.6/Resources/library,0.4.0,NA,3.6.0
geohashTools,/Library/Frameworks/R.framework/Versions/3.6/Resources/library,0.3.0,NA,3.6.0
geojsonlint,/Library/Frameworks/R.framework/Versions/3.6/Resources/library,0.3.0,NA,3.6.0
geojsonsf,/Library/Frameworks/R.framework/Versions/3.6/Resources/library,1.3.0,NA,3.6.0
geosphere,/Library/Frameworks/R.framework/Versions/3.6/Resources/library,1.5-10,NA,3.6.0
getPass,/Library/Frameworks/R.framework/Versions/3.6/Resources/library,0.2-2,NA,3.6.0
GGally,/Library/Frameworks/R.framework/Versions/3.6/Resources/library,1.4.0,NA,3.6.0
ggcorrplot,/Library/Frameworks/R.framework/Versions/3.6/Resources/library,0.1.3,NA,3.6.0
ggdendro,/Library/Frameworks/R.framework/Versions/3.6/Resources/library,0.1-20,NA,3.6.0
ggforce,/Library/Frameworks/R.framework/Versions/3.6/Resources/library,0.3.0,NA,3.6.0
ggmap,/Library/Frameworks/R.framework/Versions/3.6/Resources/library,3.0.0,NA,3.6.0
ggplot2,/Library/Frameworks/R.framework/Versions/3.6/Resources/library,3.2.1,NA,3.6.0
ggpubr,/Library/Frameworks/R.framework/Versions/3.6/Resources/library,0.2.1,NA,3.6.0
ggraph,/Library/Frameworks/R.framework/Versions/3.6/Resources/library,1.0.2,NA,3.6.0
ggrepel,/Library/Frameworks/R.framework/Versions/3.6/Resources/library,0.8.1,NA,3.6.0
ggsci,/Library/Frameworks/R.framework/Versions/3.6/Resources/library,2.9,NA,3.6.0
ggsignif,/Library/Frameworks/R.framework/Versions/3.6/Resources/library,0.5.0,NA,3.6.0
ggthemes,/Library/Frameworks/R.framework/Versions/3.6/Resources/library,4.2.0,NA,3.6.0
gh,/Library/Frameworks/R.framework/Versions/3.6/Resources/library,1.0.1,NA,3.6.0
GIGrvg,/Library/Frameworks/R.framework/Versions/3.6/Resources/library,0.5,NA,3.6.0
git2r,/Library/Frameworks/R.framework/Versions/3.6/Resources/library,0.25.2,NA,3.6.0
glmnet,/Library/Frameworks/R.framework/Versions/3.6/Resources/library,2.0-18,NA,3.6.0
globals,/Library/Frameworks/R.framework/Versions/3.6/Resources/library,0.12.5,NA,3.6.0
glue,/Library/Frameworks/R.framework/Versions/3.6/Resources/library,1.3.1,NA,3.6.0
googledrive,/Library/Frameworks/R.framework/Versions/3.6/Resources/library,1.0.0,NA,3.6.0
gower,/Library/Frameworks/R.framework/Versions/3.6/Resources/library,0.2.1,NA,3.6.0
gplots,/Library/Frameworks/R.framework/Versions/3.6/Resources/library,3.0.1.1,NA,3.6.0
graphics,/Library/Frameworks/R.framework/Versions/3.6/Resources/library,3.6.0,base,3.6.0
grDevices,/Library/Frameworks/R.framework/Versions/3.6/Resources/library,3.6.0,base,3.6.0
grid,/Library/Frameworks/R.framework/Versions/3.6/Resources/library,3.6.0,base,3.6.0
gridBase,/Library/Frameworks/R.framework/Versions/3.6/Resources/library,0.4-7,NA,3.6.0
gridExtra,/Library/Frameworks/R.framework/Versions/3.6/Resources/library,2.3,NA,3.6.0
gridSVG,/Library/Frameworks/R.framework/Versions/3.6/Resources/library,1.7-0,NA,3.6.0
grpreg,/Library/Frameworks/R.framework/Versions/3.6/Resources/library,3.2-1,NA,3.6.0
gtable,/Library/Frameworks/R.framework/Versions/3.6/Resources/library,0.3.0,NA,3.6.0
gtools,/Library/Frameworks/R.framework/Versions/3.6/Resources/library,3.8.1,NA,3.6.0
gWidgets,/Library/Frameworks/R.framework/Versions/3.6/Resources/library,0.0-54.1,NA,3.6.0
gWidgetsRGtk2,/Library/Frameworks/R.framework/Versions/3.6/Resources/library,0.0-86,NA,3.6.0
h3,/Library/Frameworks/R.framework/Versions/3.6/Resources/library,3.3.1,NA,3.6.0
haven,/Library/Frameworks/R.framework/Versions/3.6/Resources/library,2.1.1,NA,3.6.0
here,/Library/Frameworks/R.framework/Versions/3.6/Resources/library,0.1,NA,3.6.0
hexbin,/Library/Frameworks/R.framework/Versions/3.6/Resources/library,1.27.3,NA,3.6.0
highlight,/Library/Frameworks/R.framework/Versions/3.6/Resources/library,0.4.7.2,NA,3.6.0
highr,/Library/Frameworks/R.framework/Versions/3.6/Resources/library,0.8,NA,3.6.0
Hmisc,/Library/Frameworks/R.framework/Versions/3.6/Resources/library,4.3-0,NA,3.6.0
hms,/Library/Frameworks/R.framework/Versions/3.6/Resources/library,0.5.1,NA,3.6.0
htmlTable,/Library/Frameworks/R.framework/Versions/3.6/Resources/library,1.13.3,NA,3.6.0
htmltools,/Library/Frameworks/R.framework/Versions/3.6/Resources/library,0.4.0,NA,3.6.0
htmlwidgets,/Library/Frameworks/R.framework/Versions/3.6/Resources/library,1.5.1,NA,3.6.0
httpcode,/Library/Frameworks/R.framework/Versions/3.6/Resources/library,0.2.0,NA,3.6.0
httpuv,/Library/Frameworks/R.framework/Versions/3.6/Resources/library,1.5.2,NA,3.6.0
httr,/Library/Frameworks/R.framework/Versions/3.6/Resources/library,1.4.1,NA,3.6.0
igraph,/Library/Frameworks/R.framework/Versions/3.6/Resources/library,1.2.4.1,NA,3.6.0
influenceR,/Library/Frameworks/R.framework/Versions/3.6/Resources/library,0.1.0,NA,3.6.0
ini,/Library/Frameworks/R.framework/Versions/3.6/Resources/library,0.3.1,NA,3.6.0
ipred,/Library/Frameworks/R.framework/Versions/3.6/Resources/library,0.9-9,NA,3.6.0
iterators,/Library/Frameworks/R.framework/Versions/3.6/Resources/library,1.0.10,NA,3.6.0
jpeg,/Library/Frameworks/R.framework/Versions/3.6/Resources/library,0.1-8,NA,3.6.0
jsonify,/Library/Frameworks/R.framework/Versions/3.6/Resources/library,1.0.0,NA,3.6.0
jsonlite,/Library/Frameworks/R.framework/Versions/3.6/Resources/library,1.6,NA,3.6.0
jsonvalidate,/Library/Frameworks/R.framework/Versions/3.6/Resources/library,1.1.0,NA,3.6.0
kableExtra,/Library/Frameworks/R.framework/Versions/3.6/Resources/library,1.1.0,NA,3.6.0
kernlab,/Library/Frameworks/R.framework/Versions/3.6/Resources/library,0.9-27,NA,3.6.0
KernSmooth,/Library/Frameworks/R.framework/Versions/3.6/Resources/library,2.23-15,recommended,3.6.0
keyring,/Library/Frameworks/R.framework/Versions/3.6/Resources/library,1.1.0,NA,3.6.0
knitr,/Library/Frameworks/R.framework/Versions/3.6/Resources/library,1.25,NA,3.6.0
labeling,/Library/Frameworks/R.framework/Versions/3.6/Resources/library,0.3,NA,3.6.0
later,/Library/Frameworks/R.framework/Versions/3.6/Resources/library,1.0.0,NA,3.6.0
lattice,/Library/Frameworks/R.framework/Versions/3.6/Resources/library,0.20-38,recommended,3.6.0
latticeExtra,/Library/Frameworks/R.framework/Versions/3.6/Resources/library,0.6-28,NA,3.6.0
lava,/Library/Frameworks/R.framework/Versions/3.6/Resources/library,1.6.6,NA,3.6.0
lazyeval,/Library/Frameworks/R.framework/Versions/3.6/Resources/library,0.2.2,NA,3.6.0
leafem,/Library/Frameworks/R.framework/Versions/3.6/Resources/library,0.0.1,NA,3.6.0
leaflet,/Library/Frameworks/R.framework/Versions/3.6/Resources/library,2.0.3,NA,3.6.0
leaflet.extras,/Library/Frameworks/R.framework/Versions/3.6/Resources/library,1.0.0,NA,3.6.0
leaflet.providers,/Library/Frameworks/R.framework/Versions/3.6/Resources/library,1.9.0,NA,3.6.0
leafpm,/Library/Frameworks/R.framework/Versions/3.6/Resources/library,0.1.0,NA,3.6.0
leafpop,/Library/Frameworks/R.framework/Versions/3.6/Resources/library,0.0.1,NA,3.6.0
lemon,/Library/Frameworks/R.framework/Versions/3.6/Resources/library,0.4.3,NA,3.6.0
lifecycle,/Library/Frameworks/R.framework/Versions/3.6/Resources/library,0.1.0,NA,3.6.0
listenv,/Library/Frameworks/R.framework/Versions/3.6/Resources/library,0.8.0,NA,3.6.0
listviewer,/Library/Frameworks/R.framework/Versions/3.6/Resources/library,2.1.0,NA,3.6.0
lme4,/Library/Frameworks/R.framework/Versions/3.6/Resources/library,1.1-21,NA,3.6.0
lubridate,/Library/Frameworks/R.framework/Versions/3.6/Resources/library,1.7.4,NA,3.6.0
lwgeom,/Library/Frameworks/R.framework/Versions/3.6/Resources/library,0.1-7,NA,3.6.0
magic,/Library/Frameworks/R.framework/Versions/3.6/Resources/library,1.5-9,NA,3.6.0
magrittr,/Library/Frameworks/R.framework/Versions/3.6/Resources/library,1.5,NA,3.6.0
mapdata,/Library/Frameworks/R.framework/Versions/3.6/Resources/library,2.3.0,NA,3.6.0
mapedit,/Library/Frameworks/R.framework/Versions/3.6/Resources/library,0.5.0,NA,3.6.0
mapit,/Library/Frameworks/R.framework/Versions/3.6/Resources/library,0.0.1,NA,3.6.0
maps,/Library/Frameworks/R.framework/Versions/3.6/Resources/library,3.3.0,NA,3.6.0
maptools,/Library/Frameworks/R.framework/Versions/3.6/Resources/library,0.9-5,NA,3.6.0
mapview,/Library/Frameworks/R.framework/Versions/3.6/Resources/library,2.7.0,NA,3.6.0
markdown,/Library/Frameworks/R.framework/Versions/3.6/Resources/library,1.1,NA,3.6.0
MASS,/Library/Frameworks/R.framework/Versions/3.6/Resources/library,7.3-51.4,recommended,3.6.0
Matrix,/Library/Frameworks/R.framework/Versions/3.6/Resources/library,1.2-17,recommended,3.6.0
MatrixModels,/Library/Frameworks/R.framework/Versions/3.6/Resources/library,0.4-1,NA,3.6.0
mclust,/Library/Frameworks/R.framework/Versions/3.6/Resources/library,5.4.5,NA,3.6.0
memoise,/Library/Frameworks/R.framework/Versions/3.6/Resources/library,1.1.0,NA,3.6.0
methods,/Library/Frameworks/R.framework/Versions/3.6/Resources/library,3.6.0,base,3.6.0
mgcv,/Library/Frameworks/R.framework/Versions/3.6/Resources/library,1.8-28,recommended,3.6.0
mime,/Library/Frameworks/R.framework/Versions/3.6/Resources/library,0.8,NA,3.6.0
miniUI,/Library/Frameworks/R.framework/Versions/3.6/Resources/library,0.1.1.1,NA,3.6.0
minqa,/Library/Frameworks/R.framework/Versions/3.6/Resources/library,1.2.4,NA,3.6.0
ModelMetrics,/Library/Frameworks/R.framework/Versions/3.6/Resources/library,1.2.2,NA,3.6.0
modelr,/Library/Frameworks/R.framework/Versions/3.6/Resources/library,0.1.5,NA,3.6.0
modeltools,/Library/Frameworks/R.framework/Versions/3.6/Resources/library,0.2-22,NA,3.6.0
MODIS,/Library/Frameworks/R.framework/Versions/3.6/Resources/library,1.1.5,NA,3.6.0
MODISTools,/Library/Frameworks/R.framework/Versions/3.6/Resources/library,1.1.0,NA,3.6.0
MODIStsp,/Library/Frameworks/R.framework/Versions/3.6/Resources/library,1.3.9,NA,3.6.0
multcomp,/Library/Frameworks/R.framework/Versions/3.6/Resources/library,1.4-10,NA,3.6.0
munsell,/Library/Frameworks/R.framework/Versions/3.6/Resources/library,0.5.0,NA,3.6.0
mvtnorm,/Library/Frameworks/R.framework/Versions/3.6/Resources/library,1.0-11,NA,3.6.0
ncdf4,/Library/Frameworks/R.framework/Versions/3.6/Resources/library,1.16.1,NA,3.6.0
nlme,/Library/Frameworks/R.framework/Versions/3.6/Resources/library,3.1-141,recommended,3.6.0
nloptr,/Library/Frameworks/R.framework/Versions/3.6/Resources/library,1.2.1,NA,3.6.0
nnet,/Library/Frameworks/R.framework/Versions/3.6/Resources/library,7.3-12,recommended,3.6.0
numDeriv,/Library/Frameworks/R.framework/Versions/3.6/Resources/library,2016.8-1.1,NA,3.6.0
openrouteservice,/Library/Frameworks/R.framework/Versions/3.6/Resources/library,0.4.0,NA,3.6.0
openssl,/Library/Frameworks/R.framework/Versions/3.6/Resources/library,1.4.1,NA,3.6.0
openxlsx,/Library/Frameworks/R.framework/Versions/3.6/Resources/library,4.1.0.1,NA,3.6.0
packrat,/Library/Frameworks/R.framework/Versions/3.6/Resources/library,0.5.0,NA,3.6.0
pacman,/Library/Frameworks/R.framework/Versions/3.6/Resources/library,0.5.1,NA,3.6.0
parallel,/Library/Frameworks/R.framework/Versions/3.6/Resources/library,3.6.0,base,3.6.0
patchwork,/Library/Frameworks/R.framework/Versions/3.6/Resources/library,0.0.1,NA,3.6.0
pbapply,/Library/Frameworks/R.framework/Versions/3.6/Resources/library,1.4-1,NA,3.6.0
pbkrtest,/Library/Frameworks/R.framework/Versions/3.6/Resources/library,0.4-7,NA,3.6.0
pbmcapply,/Library/Frameworks/R.framework/Versions/3.6/Resources/library,1.5.0,NA,3.6.0
pbs,/Library/Frameworks/R.framework/Versions/3.6/Resources/library,1.1,NA,3.6.0
pillar,/Library/Frameworks/R.framework/Versions/3.6/Resources/library,1.4.3,NA,3.6.0
pkgbuild,/Library/Frameworks/R.framework/Versions/3.6/Resources/library,1.0.3,NA,3.6.0
pkgconfig,/Library/Frameworks/R.framework/Versions/3.6/Resources/library,2.0.3,NA,3.6.0
pkgdown,/Library/Frameworks/R.framework/Versions/3.6/Resources/library,1.4.1,NA,3.6.0
pkgload,/Library/Frameworks/R.framework/Versions/3.6/Resources/library,1.0.2,NA,3.6.0
plogr,/Library/Frameworks/R.framework/Versions/3.6/Resources/library,0.2.0,NA,3.6.0
plotly,/Library/Frameworks/R.framework/Versions/3.6/Resources/library,4.9.0,NA,3.6.0
plotROC,/Library/Frameworks/R.framework/Versions/3.6/Resources/library,2.2.1,NA,3.6.0
plyr,/Library/Frameworks/R.framework/Versions/3.6/Resources/library,1.8.5,NA,3.6.0
png,/Library/Frameworks/R.framework/Versions/3.6/Resources/library,0.1-7,NA,3.6.0
poLCA,/Library/Frameworks/R.framework/Versions/3.6/Resources/library,1.4.1,NA,3.6.0
polspline,/Library/Frameworks/R.framework/Versions/3.6/Resources/library,1.1.17,NA,3.6.0
polyclip,/Library/Frameworks/R.framework/Versions/3.6/Resources/library,1.10-0,NA,3.6.0
polynom,/Library/Frameworks/R.framework/Versions/3.6/Resources/library,1.4-0,NA,3.6.0
prabclus,/Library/Frameworks/R.framework/Versions/3.6/Resources/library,2.3-1,NA,3.6.0
praise,/Library/Frameworks/R.framework/Versions/3.6/Resources/library,1.0.0,NA,3.6.0
prefixer,/Library/Frameworks/R.framework/Versions/3.6/Resources/library,0.1.2,NA,3.6.0
prettyunits,/Library/Frameworks/R.framework/Versions/3.6/Resources/library,1.0.2,NA,3.6.0
printr,/Library/Frameworks/R.framework/Versions/3.6/Resources/library,0.1,NA,3.6.0
pROC,/Library/Frameworks/R.framework/Versions/3.6/Resources/library,1.15.3,NA,3.6.0
processx,/Library/Frameworks/R.framework/Versions/3.6/Resources/library,3.4.1,NA,3.6.0
prodlim,/Library/Frameworks/R.framework/Versions/3.6/Resources/library,2018.04.18,NA,3.6.0
profvis,/Library/Frameworks/R.framework/Versions/3.6/Resources/library,0.3.6,NA,3.6.0
progress,/Library/Frameworks/R.framework/Versions/3.6/Resources/library,1.2.2,NA,3.6.0
promises,/Library/Frameworks/R.framework/Versions/3.6/Resources/library,1.1.0,NA,3.6.0
ps,/Library/Frameworks/R.framework/Versions/3.6/Resources/library,1.3.0,NA,3.6.0
pscl,/Library/Frameworks/R.framework/Versions/3.6/Resources/library,1.5.2,NA,3.6.0
ptw,/Library/Frameworks/R.framework/Versions/3.6/Resources/library,1.9-13,NA,3.6.0
purrr,/Library/Frameworks/R.framework/Versions/3.6/Resources/library,0.3.3,NA,3.6.0
quantreg,/Library/Frameworks/R.framework/Versions/3.6/Resources/library,5.41,NA,3.6.0
quickPlot,/Library/Frameworks/R.framework/Versions/3.6/Resources/library,0.1.6,NA,3.6.0
R.cache,/Library/Frameworks/R.framework/Versions/3.6/Resources/library,0.13.0,NA,3.6.0
R.methodsS3,/Library/Frameworks/R.framework/Versions/3.6/Resources/library,1.7.1,NA,3.6.0
R.oo,/Library/Frameworks/R.framework/Versions/3.6/Resources/library,1.23.0,NA,3.6.0
R.utils,/Library/Frameworks/R.framework/Versions/3.6/Resources/library,2.9.2,NA,3.6.0
R6,/Library/Frameworks/R.framework/Versions/3.6/Resources/library,2.4.1,NA,3.6.0
randomForest,/Library/Frameworks/R.framework/Versions/3.6/Resources/library,4.6-14,NA,3.6.0
ranger,/Library/Frameworks/R.framework/Versions/3.6/Resources/library,0.11.2,NA,3.6.0
rapidjsonr,/Library/Frameworks/R.framework/Versions/3.6/Resources/library,1.1,NA,3.6.0
rappdirs,/Library/Frameworks/R.framework/Versions/3.6/Resources/library,0.3.1,NA,3.6.0
raster,/Library/Frameworks/R.framework/Versions/3.6/Resources/library,3.0-7,NA,3.6.0
rasterVis,/Library/Frameworks/R.framework/Versions/3.6/Resources/library,0.45,NA,3.6.0
rattle,/Library/Frameworks/R.framework/Versions/3.6/Resources/library,5.2.0,NA,3.6.0
rcmdcheck,/Library/Frameworks/R.framework/Versions/3.6/Resources/library,1.3.3,NA,3.6.0
RColorBrewer,/Library/Frameworks/R.framework/Versions/3.6/Resources/library,1.1-2,NA,3.6.0
Rcpp,/Library/Frameworks/R.framework/Versions/3.6/Resources/library,1.0.3,NA,3.6.0
RcppArmadillo,/Library/Frameworks/R.framework/Versions/3.6/Resources/library,0.9.800.1.0,NA,3.6.0
RcppEigen,/Library/Frameworks/R.framework/Versions/3.6/Resources/library,0.3.3.7.0,NA,3.6.0
RCurl,/Library/Frameworks/R.framework/Versions/3.6/Resources/library,1.95-4.12,NA,3.6.0
readr,/Library/Frameworks/R.framework/Versions/3.6/Resources/library,1.3.1,NA,3.6.0
readxl,/Library/Frameworks/R.framework/Versions/3.6/Resources/library,1.3.1,NA,3.6.0
recipes,/Library/Frameworks/R.framework/Versions/3.6/Resources/library,0.1.6,NA,3.6.0
RefManageR,/Library/Frameworks/R.framework/Versions/3.6/Resources/library,1.2.12,NA,3.6.0
refund,/Library/Frameworks/R.framework/Versions/3.6/Resources/library,0.1-17,NA,3.6.0
regimes,/Library/Frameworks/R.framework/Versions/3.6/Resources/library,0.5.12,NA,3.6.0
rematch,/Library/Frameworks/R.framework/Versions/3.6/Resources/library,1.0.1,NA,3.6.0
rematch2,/Library/Frameworks/R.framework/Versions/3.6/Resources/library,2.1.0,NA,3.6.0
remotes,/Library/Frameworks/R.framework/Versions/3.6/Resources/library,2.0.4,NA,3.6.0
renv,/Library/Frameworks/R.framework/Versions/3.6/Resources/library,0.8.3,NA,3.6.0
repr,/Library/Frameworks/R.framework/Versions/3.6/Resources/library,1.0.1,NA,3.6.0
reprex,/Library/Frameworks/R.framework/Versions/3.6/Resources/library,0.3.0,NA,3.6.0
reproducible,/Library/Frameworks/R.framework/Versions/3.6/Resources/library,0.2.11,NA,3.6.0
reshape,/Library/Frameworks/R.framework/Versions/3.6/Resources/library,0.8.8,NA,3.6.0
reshape2,/Library/Frameworks/R.framework/Versions/3.6/Resources/library,1.4.3,NA,3.6.0
rgdal,/Library/Frameworks/R.framework/Versions/3.6/Resources/library,1.4-8,NA,3.6.0
rgeos,/Library/Frameworks/R.framework/Versions/3.6/Resources/library,0.5-2,NA,3.6.0
rgexf,/Library/Frameworks/R.framework/Versions/3.6/Resources/library,0.15.3,NA,3.6.0
rgis,/Library/Frameworks/R.framework/Versions/3.6/Resources/library,0.2.11,NA,3.6.0
RgoogleMaps,/Library/Frameworks/R.framework/Versions/3.6/Resources/library,1.4.3,NA,3.6.0
RGtk2,/Library/Frameworks/R.framework/Versions/3.6/Resources/library,2.20.36,NA,3.6.0
rio,/Library/Frameworks/R.framework/Versions/3.6/Resources/library,0.5.16,NA,3.6.0
rjson,/Library/Frameworks/R.framework/Versions/3.6/Resources/library,0.2.20,NA,3.6.0
rlang,/Library/Frameworks/R.framework/Versions/3.6/Resources/library,0.4.2,NA,3.6.0
RLRsim,/Library/Frameworks/R.framework/Versions/3.6/Resources/library,3.1-3,NA,3.6.0
rmarkdown,/Library/Frameworks/R.framework/Versions/3.6/Resources/library,1.15,NA,3.6.0
rms,/Library/Frameworks/R.framework/Versions/3.6/Resources/library,5.1-4,NA,3.6.0
robustbase,/Library/Frameworks/R.framework/Versions/3.6/Resources/library,0.93-5,NA,3.6.0
ROCR,/Library/Frameworks/R.framework/Versions/3.6/Resources/library,1.0-7,NA,3.6.0
Rook,/Library/Frameworks/R.framework/Versions/3.6/Resources/library,1.1-1,NA,3.6.0
roxygen2,/Library/Frameworks/R.framework/Versions/3.6/Resources/library,6.1.1,NA,3.6.0
rpart,/Library/Frameworks/R.framework/Versions/3.6/Resources/library,4.1-15,recommended,3.6.0
rpart.plot,/Library/Frameworks/R.framework/Versions/3.6/Resources/library,3.0.8,NA,3.6.0
rpartScore,/Library/Frameworks/R.framework/Versions/3.6/Resources/library,1.0-1,NA,3.6.0
rprojroot,/Library/Frameworks/R.framework/Versions/3.6/Resources/library,1.3-2,NA,3.6.0
rsconnect,/Library/Frameworks/R.framework/Versions/3.6/Resources/library,0.8.15,NA,3.6.0
RSQLite,/Library/Frameworks/R.framework/Versions/3.6/Resources/library,2.1.2,NA,3.6.0
rstudioapi,/Library/Frameworks/R.framework/Versions/3.6/Resources/library,0.10,NA,3.6.0
rtweet,/Library/Frameworks/R.framework/Versions/3.6/Resources/library,0.6.9,NA,3.6.0
rvest,/Library/Frameworks/R.framework/Versions/3.6/Resources/library,0.3.4,NA,3.6.0
sandwich,/Library/Frameworks/R.framework/Versions/3.6/Resources/library,2.5-1,NA,3.6.0
sas7bdat,/Library/Frameworks/R.framework/Versions/3.6/Resources/library,0.5,NA,3.6.0
satellite,/Library/Frameworks/R.framework/Versions/3.6/Resources/library,1.0.1,NA,3.6.0
scales,/Library/Frameworks/R.framework/Versions/3.6/Resources/library,1.1.0,NA,3.6.0
scatterplot3d,/Library/Frameworks/R.framework/Versions/3.6/Resources/library,0.3-41,NA,3.6.0
scholar,/Library/Frameworks/R.framework/Versions/3.6/Resources/library,0.1.7,NA,3.6.0
selectr,/Library/Frameworks/R.framework/Versions/3.6/Resources/library,0.4-1,NA,3.6.0
servr,/Library/Frameworks/R.framework/Versions/3.6/Resources/library,0.14,NA,3.6.0
sessioninfo,/Library/Frameworks/R.framework/Versions/3.6/Resources/library,1.1.1,NA,3.6.0
sf,/Library/Frameworks/R.framework/Versions/3.6/Resources/library,0.8-0,NA,3.6.0
shiny,/Library/Frameworks/R.framework/Versions/3.6/Resources/library,1.4.0,NA,3.6.0
shinyjs,/Library/Frameworks/R.framework/Versions/3.6/Resources/library,1.0,NA,3.6.0
shinyWidgets,/Library/Frameworks/R.framework/Versions/3.6/Resources/library,0.4.9,NA,3.6.0
skimr,/Library/Frameworks/R.framework/Versions/3.6/Resources/library,2.0.1,NA,3.6.0
sodium,/Library/Frameworks/R.framework/Versions/3.6/Resources/library,1.1,NA,3.6.0
sourcetools,/Library/Frameworks/R.framework/Versions/3.6/Resources/library,0.1.7,NA,3.6.0
sp,/Library/Frameworks/R.framework/Versions/3.6/Resources/library,1.3-2,NA,3.6.0
SpaDES,/Library/Frameworks/R.framework/Versions/3.6/Resources/library,2.0.4,NA,3.6.0
SpaDES.addins,/Library/Frameworks/R.framework/Versions/3.6/Resources/library,0.1.2,NA,3.6.0
SpaDES.core,/Library/Frameworks/R.framework/Versions/3.6/Resources/library,0.2.7,NA,3.6.0
SpaDES.tools,/Library/Frameworks/R.framework/Versions/3.6/Resources/library,0.3.3,NA,3.6.0
sparkline,/Library/Frameworks/R.framework/Versions/3.6/Resources/library,2.0,NA,3.6.0
SparseM,/Library/Frameworks/R.framework/Versions/3.6/Resources/library,1.77,NA,3.6.0
spatial,/Library/Frameworks/R.framework/Versions/3.6/Resources/library,7.3-11,recommended,3.6.0
spData,/Library/Frameworks/R.framework/Versions/3.6/Resources/library,0.3.0,NA,3.6.0
spDataLarge,/Library/Frameworks/R.framework/Versions/3.6/Resources/library,0.3.1,NA,3.6.0
splines,/Library/Frameworks/R.framework/Versions/3.6/Resources/library,3.6.0,base,3.6.0
SQUAREM,/Library/Frameworks/R.framework/Versions/3.6/Resources/library,2017.10-1,NA,3.6.0
stars,/Library/Frameworks/R.framework/Versions/3.6/Resources/library,0.3-1,NA,3.6.0
starsdata,/Library/Frameworks/R.framework/Versions/3.6/Resources/library,0.0-1,NA,3.6.0
stats,/Library/Frameworks/R.framework/Versions/3.6/Resources/library,3.6.0,base,3.6.0
stats4,/Library/Frameworks/R.framework/Versions/3.6/Resources/library,3.6.0,base,3.6.0
stringi,/Library/Frameworks/R.framework/Versions/3.6/Resources/library,1.4.5,NA,3.6.0
stringr,/Library/Frameworks/R.framework/Versions/3.6/Resources/library,1.4.0,NA,3.6.0
survival,/Library/Frameworks/R.framework/Versions/3.6/Resources/library,3.1-8,recommended,3.6.0
svglite,/Library/Frameworks/R.framework/Versions/3.6/Resources/library,1.2.2,NA,3.6.0
sys,/Library/Frameworks/R.framework/Versions/3.6/Resources/library,3.3,NA,3.6.0
tcltk,/Library/Frameworks/R.framework/Versions/3.6/Resources/library,3.6.0,base,3.6.0
testthat,/Library/Frameworks/R.framework/Versions/3.6/Resources/library,2.2.1,NA,3.6.0
TH.data,/Library/Frameworks/R.framework/Versions/3.6/Resources/library,1.0-10,NA,3.6.0
tibble,/Library/Frameworks/R.framework/Versions/3.6/Resources/library,2.1.3,NA,3.6.0
tidycensus,/Library/Frameworks/R.framework/Versions/3.6/Resources/library,0.9.2,NA,3.6.0
tidygraph,/Library/Frameworks/R.framework/Versions/3.6/Resources/library,1.1.2,NA,3.6.0
tidyr,/Library/Frameworks/R.framework/Versions/3.6/Resources/library,1.0.0,NA,3.6.0
tidyselect,/Library/Frameworks/R.framework/Versions/3.6/Resources/library,0.2.5,NA,3.6.0
tidyverse,/Library/Frameworks/R.framework/Versions/3.6/Resources/library,1.2.1,NA,3.6.0
tigris,/Library/Frameworks/R.framework/Versions/3.6/Resources/library,0.8.2,NA,3.6.0
timeDate,/Library/Frameworks/R.framework/Versions/3.6/Resources/library,3043.102,NA,3.6.0
tinytex,/Library/Frameworks/R.framework/Versions/3.6/Resources/library,0.16,NA,3.6.0
tmap,/Library/Frameworks/R.framework/Versions/3.6/Resources/library,2.2,NA,3.6.0
tmaptools,/Library/Frameworks/R.framework/Versions/3.6/Resources/library,2.0-1,NA,3.6.0
tools,/Library/Frameworks/R.framework/Versions/3.6/Resources/library,3.6.0,base,3.6.0
triebeard,/Library/Frameworks/R.framework/Versions/3.6/Resources/library,0.3.0,NA,3.6.0
tsModel,/Library/Frameworks/R.framework/Versions/3.6/Resources/library,0.6,NA,3.6.0
tweenr,/Library/Frameworks/R.framework/Versions/3.6/Resources/library,1.0.1,NA,3.6.0
units,/Library/Frameworks/R.framework/Versions/3.6/Resources/library,0.6-5,NA,3.6.0
urltools,/Library/Frameworks/R.framework/Versions/3.6/Resources/library,1.7.3,NA,3.6.0
USAboundaries,/Library/Frameworks/R.framework/Versions/3.6/Resources/library,0.3.1,NA,3.6.0
usethis,/Library/Frameworks/R.framework/Versions/3.6/Resources/library,1.5.0,NA,3.6.0
utf8,/Library/Frameworks/R.framework/Versions/3.6/Resources/library,1.1.4,NA,3.6.0
utils,/Library/Frameworks/R.framework/Versions/3.6/Resources/library,3.6.0,base,3.6.0
uuid,/Library/Frameworks/R.framework/Versions/3.6/Resources/library,0.1-2,NA,3.6.0
V8,/Library/Frameworks/R.framework/Versions/3.6/Resources/library,3.0,NA,3.6.0
vctrs,/Library/Frameworks/R.framework/Versions/3.6/Resources/library,0.2.1,NA,3.6.0
velox,/Library/Frameworks/R.framework/Versions/3.6/Resources/library,0.1.0,NA,3.6.0
versions,/Library/Frameworks/R.framework/Versions/3.6/Resources/library,0.3,NA,3.6.0
viridis,/Library/Frameworks/R.framework/Versions/3.6/Resources/library,0.5.1,NA,3.6.0
viridisLite,/Library/Frameworks/R.framework/Versions/3.6/Resources/library,0.3.0,NA,3.6.0
visNetwork,/Library/Frameworks/R.framework/Versions/3.6/Resources/library,2.0.8,NA,3.6.0
vitae,/Library/Frameworks/R.framework/Versions/3.6/Resources/library,0.2.0,NA,3.6.0
webshot,/Library/Frameworks/R.framework/Versions/3.6/Resources/library,0.5.1,NA,3.6.0
whisker,/Library/Frameworks/R.framework/Versions/3.6/Resources/library,0.4,NA,3.6.0
withr,/Library/Frameworks/R.framework/Versions/3.6/Resources/library,2.1.2,NA,3.6.0
xaringan,/Library/Frameworks/R.framework/Versions/3.6/Resources/library,0.11,NA,3.6.0
xfun,/Library/Frameworks/R.framework/Versions/3.6/Resources/library,0.12,NA,3.6.0
XML,/Library/Frameworks/R.framework/Versions/3.6/Resources/library,3.98-1.20,NA,3.6.0
xml2,/Library/Frameworks/R.framework/Versions/3.6/Resources/library,1.2.2,NA,3.6.0
xopen,/Library/Frameworks/R.framework/Versions/3.6/Resources/library,1.0.0,NA,3.6.0
xtable,/Library/Frameworks/R.framework/Versions/3.6/Resources/library,1.8-4,NA,3.6.0
xts,/Library/Frameworks/R.framework/Versions/3.6/Resources/library,0.11-2,NA,3.6.0
yaml,/Library/Frameworks/R.framework/Versions/3.6/Resources/library,2.2.0,NA,3.6.0
zeallot,/Library/Frameworks/R.framework/Versions/3.6/Resources/library,0.1.0,NA,3.6.0
zip,/Library/Frameworks/R.framework/Versions/3.6/Resources/library,2.0.2,NA,3.6.0
zoo,/Library/Frameworks/R.framework/Versions/3.6/Resources/library,1.8-6,NA,3.6.0
ztype,/Library/Frameworks/R.framework/Versions/3.6/Resources/library,0.1.0,NA,3.6.0
